allocation,scenario,horizon_yr,activated_acres,crit_hab_acres,crit_hab_share,invasive_mult_lo,invasive_mult_hi,share_of_all_roadless
near_roads,Low,5,53267,3444,0.065,1.0,1.0,0.0054
near_roads,Low,10,159831,8247,0.052,1.0,1.0,0.0161
near_roads,Mid,5,106549,6471,0.061,1.0,1.0,0.0107
near_roads,Mid,10,319677,15707,0.049,1.0,1.02,0.0322
near_roads,High,5,213113,10548,0.049,1.0,1.0,0.0215
near_roads,High,10,639354,31799,0.05,1.02,1.07,0.0644
spread,Low,5,53267,5112,0.096,1.03,1.12,0.0054
spread,Low,10,159831,14425,0.09,1.03,1.12,0.0161
spread,Mid,5,106549,10131,0.095,1.03,1.12,0.0107
spread,Mid,10,319677,28572,0.089,1.03,1.12,0.0322
spread,High,5,213113,19166,0.09,1.03,1.12,0.0215
spread,High,10,639354,58425,0.091,1.03,1.12,0.0644
